sample	records	primary_kept	kept_frac	primary_kept_read2	primary_disc_mapq	primary_disc_sclip	unmapped	secondary	supplementary
C25	1672	903	0.540	478	341	0	428	0	0
C66	1274	956	0.750	484	173	0	145	0	0
C71	432	277	0.641	138	93	0	62	0	0
C72	454	325	0.716	172	40	0	89	0	0
D1	5722134	1892797	0.331	948738	2011738	0	1817599	0	0
D12	31224	12057	0.386	5887	8919	0	10248	0	0
D13	85348	33984	0.398	16734	26581	0	24783	0	0
D14	4412	814	0.184	401	754	0	2844	0	0
D15_rep	264140	99287	0.376	48677	75838	0	89015	0	0
D16	114986	43569	0.379	21452	34913	0	36504	0	0
D17	74454	29503	0.396	14457	22912	0	22039	0	0
D18	145254	58172	0.400	28624	44837	0	42245	0	0
D19	52372	21098	0.403	10415	15940	0	15334	0	0
D2	6481254	2137403	0.330	1070933	2276414	0	2067437	0	0
D20	95210	38754	0.407	18985	28786	0	27670	0	0
D21	19932	8071	0.405	3964	5803	0	6058	0	0
D22	69640	27961	0.402	13704	21140	0	20539	0	0
D23	171084	67489	0.394	33107	53455	0	50140	0	0
D24_rep	367866	144644	0.393	71090	112391	0	110831	0	0
D25	53848	22373	0.415	11052	16743	0	14732	0	0
D27	83700	33694	0.403	16470	25214	0	24792	0	0
D3	26534	9999	0.377	4853	8105	0	8430	0	0
D33	100112	39467	0.394	19452	31919	0	28726	0	0
D34	140010	56147	0.401	27671	42976	0	40887	0	0
D35	43674	17534	0.401	8563	13328	0	12812	0	0
D36	1428	530	0.371	264	455	0	443	0	0
D37	95602	38191	0.399	18595	29661	0	27750	0	0
D38	94444	38318	0.406	18776	28645	0	27481	0	0
D39	91720	36901	0.402	18133	28334	0	26485	0	0
D4	74568	29117	0.390	14194	23088	0	22363	0	0
D40	111576	44327	0.397	21827	34984	0	32265	0	0
D41	82954	32657	0.394	16012	25957	0	24340	0	0
D42	32250	12594	0.391	6071	10062	0	9594	0	0
D43	19882	7274	0.366	3603	6226	0	6382	0	0
D44	100082	39546	0.395	19332	31138	0	29398	0	0
D45	14588	5457	0.374	2690	4430	0	4701	0	0
D46	100800	39727	0.394	19419	30970	0	30103	0	0
D47	97554	38482	0.394	18885	30337	0	28735	0	0
D48	176228	66890	0.380	32774	54146	0	55192	0	0
D49	55656	21588	0.388	10527	17422	0	16646	0	0
D5	129790	51267	0.395	25110	39950	0	38573	0	0
D50	90390	35881	0.397	17544	28244	0	26265	0	0
D51	44702	17921	0.401	8767	13770	0	13011	0	0
D52	98866	38514	0.390	18734	30554	0	29798	0	0
D53	61424	24292	0.395	11848	18667	0	18465	0	0
D54	25206	9911	0.393	4879	7816	0	7479	0	0
D55	91270	36178	0.396	17787	28909	0	26183	0	0
D56	215936	84055	0.389	41275	68307	0	63574	0	0
D57	78192	30805	0.394	15027	24673	0	22714	0	0
D58	43438	17410	0.401	8471	13384	0	12644	0	0
D59	67838	26681	0.393	13044	20985	0	20172	0	0
D6	72116	27875	0.387	13645	21719	0	22522	0	0
D60	56016	22056	0.394	10819	16749	0	17211	0	0
D61	184504	71899	0.390	35384	59619	0	52986	0	0
D62	97190	39140	0.403	19284	30304	0	27746	0	0
D63	50610	20138	0.398	9899	16242	0	14230	0	0
D64	178200	70608	0.396	34818	55887	0	51705	0	0
D65_rep	970180	373527	0.385	184476	301723	0	294930	0	0
D66	818	315	0.385	164	220	0	283	0	0
D67	1020	132	0.129	68	678	0	210	0	0
D68	366	170	0.464	81	90	0	106	0	0
D69	86	26	0.302	12	23	0	37	0	0
D7	63816	24466	0.383	12010	18900	0	20450	0	0
D70_rep	316778	102589	0.324	51063	78576	0	135613	0	0
D71_rep	506552	147852	0.292	72884	125222	0	233478	0	0
D72	25866	9035	0.349	4450	7632	0	9199	0	0
D73	31454	12361	0.393	5954	9459	0	9634	0	0
D74	11802	4647	0.394	2265	3573	0	3582	0	0
D75	77216	30394	0.394	14845	24231	0	22591	0	0
D76	66934	26782	0.400	13163	20911	0	19241	0	0
D77	55192	21624	0.392	10528	17277	0	16291	0	0
D78	148202	57943	0.391	28525	47402	0	42857	0	0
D79	61806	23870	0.386	11764	19319	0	18617	0	0
D8	186820	73224	0.392	35840	58971	0	54625	0	0
D80	132120	52099	0.394	25454	41357	0	38664	0	0
D81	173906	67920	0.391	33194	54766	0	51220	0	0
D82	55908	22158	0.396	10802	16847	0	16903	0	0
D83	91132	36210	0.397	17632	28390	0	26532	0	0
D84	37808	14784	0.391	7198	11773	0	11251	0	0
D85	89304	36350	0.407	17785	27746	0	25208	0	0
D86	86330	33931	0.393	16593	27557	0	24842	0	0
D87	144434	57275	0.397	28153	45439	0	41720	0	0
D88	473912	188251	0.397	92554	148755	0	136906	0	0
D89	43276	17283	0.399	8455	13422	0	12571	0	0
D90	39702	15871	0.400	7827	12301	0	11530	0	0
D91	61574	25270	0.410	12360	18718	0	17586	0	0
D92	62036	25361	0.409	12500	18942	0	17733	0	0
D93	45232	18457	0.408	9035	13892	0	12883	0	0
D94	42436	17355	0.409	8468	12904	0	12177	0	0
E1	212512	197735	0.930	98525	9752	0	5025	0	0
E10	101286	93180	0.920	46493	5252	0	2854	0	0
E11	56102	50480	0.900	25181	2744	0	2878	0	0
E12	150656	138801	0.921	69199	6980	0	4875	0	0
E13	42814	39241	0.917	19562	2077	0	1496	0	0
E14	2400	49	0.020	32	21	0	2330	0	0
E15_rep	660632	588166	0.890	293112	31076	0	41390	0	0
E16	1080	540	0.500	276	35	0	505	0	0
E17	227596	202720	0.891	100924	9808	0	15068	0	0
E18	218382	199642	0.914	99493	11521	0	7219	0	0
E19	199466	184863	0.927	92131	9222	0	5381	0	0
E20	244946	227962	0.931	113523	10922	0	6062	0	0
E21	224882	208613	0.928	103973	10327	0	5942	0	0
E22	202898	187576	0.924	93409	9790	0	5532	0	0
E23	216312	198761	0.919	99069	10845	0	6706	0	0
E24_rep	305386	274018	0.897	136553	15445	0	15923	0	0
E25	280874	261921	0.933	130626	12370	0	6583	0	0
E26	223206	207448	0.929	103407	10236	0	5522	0	0
E27	176824	163440	0.924	81469	8419	0	4965	0	0
E28	261948	243726	0.930	121619	11274	0	6948	0	0
E29	71542	28314	0.396	14027	22484	0	20744	0	0
E3	59514	54090	0.909	26941	3259	0	2165	0	0
E30	102528	40827	0.398	20405	33001	0	28700	0	0
E31	87178	80085	0.919	39914	4530	0	2563	0	0
E32	142980	131809	0.922	65734	7430	0	3741	0	0
E33	168974	155337	0.919	77443	8188	0	5449	0	0
E34	239452	219981	0.919	109676	12065	0	7406	0	0
E35	183322	171366	0.935	85339	7412	0	4544	0	0
E36	175576	163974	0.934	81790	7943	0	3659	0	0
E37	211648	196775	0.930	98088	9704	0	5169	0	0
E38	184730	171247	0.927	85350	9359	0	4124	0	0
E39	158754	145023	0.914	72323	7714	0	6017	0	0
E4	305432	284149	0.930	141616	13267	0	8016	0	0
E40	92708	84409	0.910	42061	5325	0	2974	0	0
E41	196932	180470	0.916	89936	9192	0	7270	0	0
E42	149210	135361	0.907	67424	7202	0	6647	0	0
E43	200272	183077	0.914	91248	8349	0	8846	0	0
E44	193710	178495	0.921	89065	8372	0	6843	0	0
E45	173196	160240	0.925	79864	7343	0	5613	0	0
E46	173118	159518	0.921	79521	7727	0	5873	0	0
E47	108910	100719	0.925	50240	4878	0	3313	0	0
E48	69320	63658	0.918	31694	3626	0	2036	0	0
E49	179490	166490	0.928	82967	8390	0	4610	0	0
E5	172692	158222	0.916	78846	8666	0	5804	0	0
E50	164922	152340	0.924	76038	7355	0	5227	0	0
E51	219384	201498	0.918	100328	9903	0	7983	0	0
E52	199792	183594	0.919	91449	9812	0	6386	0	0
E53	200726	186013	0.927	92612	9272	0	5441	0	0
E54	45280	41549	0.918	20688	2207	0	1524	0	0
E55	166170	153710	0.925	76691	7642	0	4818	0	0
E56	204228	187911	0.920	93717	10788	0	5529	0	0
E57	225106	207422	0.921	103395	11760	0	5924	0	0
E58	205344	189633	0.923	94498	10391	0	5320	0	0
E59	205776	187331	0.910	93384	9659	0	8786	0	0
E60	126904	114784	0.904	57140	5833	0	6287	0	0
E61	101482	93254	0.919	46435	5484	0	2744	0	0
E62	227566	209465	0.920	104456	11893	0	6208	0	0
E63	104660	96178	0.919	47917	5588	0	2894	0	0
E64	92330	84402	0.914	42012	5046	0	2882	0	0
E65	18978	17323	0.913	8622	1109	0	546	0	0
E66	1698	1451	0.855	735	116	0	131	0	0
E67	108618	99601	0.917	49602	5662	0	3355	0	0
E68	201034	183674	0.914	91445	9856	0	7504	0	0
E69	72612	41393	0.570	20605	2522	0	28697	0	0
E7	188122	173758	0.924	86531	8763	0	5601	0	0
E70	69430	63143	0.909	31456	3334	0	2953	0	0
E72	12512	11381	0.910	5673	720	0	411	0	0
E75	79720	72039	0.904	35867	4484	0	3197	0	0
E76	222132	205487	0.925	102460	11263	0	5382	0	0
E77	151858	139913	0.921	69641	7741	0	4204	0	0
E78	129582	118594	0.915	59056	7238	0	3750	0	0
E8	116656	106292	0.911	52937	6556	0	3808	0	0
E80	444	296	0.667	150	39	0	109	0	0
E82	96744	62515	0.646	31186	3588	0	30641	0	0
E84	77926	71543	0.918	35614	4037	0	2346	0	0
E85	84660	78225	0.924	38992	4306	0	2129	0	0
E86	42386	32758	0.773	16320	1803	0	7825	0	0
E87	35960	32829	0.913	16367	1884	0	1247	0	0
E9	103792	94270	0.908	47021	5452	0	4070	0	0
E90	31764	28826	0.908	14362	1713	0	1225	0	0
E91	14180	12756	0.900	6345	749	0	675	0	0
E92	32008	29006	0.906	14451	1569	0	1433	0	0
E94	54744	50070	0.915	24930	2801	0	1873	0	0
E95	60104	51490	0.857	25749	3593	0	5021	0	0
F1	224904	191038	0.849	95302	11518	0	22348	0	0
F10	185662	128153	0.690	64038	7962	0	49547	0	0
F11	57314	30086	0.525	15020	2307	0	24921	0	0
F12	134346	101668	0.757	50672	6076	0	26602	0	0
F13	50362	37270	0.740	18571	2428	0	10664	0	0
F14	198132	146499	0.739	73046	8285	0	43348	0	0
F15	45550	39201	0.861	19508	2392	0	3957	0	0
F16	56554	41776	0.739	20850	3682	0	11096	0	0
F17	97028	75737	0.781	37799	5008	0	16283	0	0
F18	190116	148804	0.783	74260	9554	0	31758	0	0
F19	29580	17819	0.602	8898	1216	0	10545	0	0
F2	223802	174038	0.778	86875	10578	0	39186	0	0
F20	69964	31919	0.456	15917	2135	0	35910	0	0
F21	58030	23561	0.406	11744	1632	0	32837	0	0
F22	197196	171576	0.870	85608	9820	0	15800	0	0
F23	129668	92799	0.716	46283	5696	0	31173	0	0
F24	108876	90104	0.828	44848	5405	0	13367	0	0
F25	223040	190768	0.855	95131	11346	0	20926	0	0
F26	301280	206146	0.684	102915	11574	0	83560	0	0
F27	353446	233977	0.662	116660	13522	0	105947	0	0
F28	55398	19231	0.347	9600	1447	0	34720	0	0
F29	102486	33989	0.332	16919	26876	0	41621	0	0
F3	16218	2988	0.184	1503	450	0	12780	0	0
F30	134626	46380	0.345	22949	36855	0	51391	0	0
F31	16528	5287	0.320	2617	3884	0	7357	0	0
F32	108456	8096	0.075	4019	7011	0	93349	0	0
F33	73588	27055	0.368	13424	22070	0	24463	0	0
F34	172938	65151	0.377	32297	50998	0	56789	0	0
F35	188938	74723	0.395	37008	59573	0	54642	0	0
F36	48030	19813	0.413	9833	16105	0	12112	0	0
F37	191294	176248	0.921	88010	9710	0	5336	0	0
F38	98456	71262	0.724	35536	4856	0	22338	0	0
F39	49074	31731	0.647	15851	2225	0	15118	0	0
F4	114706	85717	0.747	42794	6044	0	22945	0	0
F40	18684	9772	0.523	4874	761	0	8151	0	0
F41	155610	61555	0.396	30581	47512	0	46543	0	0
F42	126134	49196	0.390	24387	39968	0	36970	0	0
F43	174992	70599	0.403	35089	55597	0	48796	0	0
F44	134578	52965	0.394	26174	42534	0	39079	0	0
F45	40984	16483	0.402	8234	13837	0	10664	0	0
F46	75682	30300	0.400	15070	25780	0	19602	0	0
F47	35624	13823	0.388	6860	12390	0	9411	0	0
F48	88400	34646	0.392	17186	29115	0	24639	0	0
F49	57940	30410	0.525	15191	2174	0	25356	0	0
F5	235620	198249	0.841	98809	12227	0	25144	0	0
F50	261532	132865	0.508	66330	7458	0	121209	0	0
F51	84014	43309	0.515	21613	2988	0	37717	0	0
F52	91006	54299	0.597	27072	3668	0	33039	0	0
F53	542	338	0.624	168	28	0	176	0	0
F54	50330	19161	0.381	9533	16003	0	15166	0	0
F55	85192	33860	0.397	16843	28478	0	22854	0	0
F56	51736	20827	0.403	10299	17703	0	13206	0	0
F57	215448	89151	0.414	44193	69971	0	56326	0	0
F58	259502	105116	0.405	52163	85832	0	68554	0	0
F59	265472	177780	0.670	88737	10084	0	77608	0	0
F6	9692	2847	0.294	1418	269	0	6576	0	0
F60	108058	80685	0.747	40226	4980	0	22393	0	0
F61	72468	43781	0.604	21857	2935	0	25752	0	0
F62	244216	173916	0.712	86824	10248	0	60052	0	0
F63	135480	54776	0.404	27211	44285	0	36419	0	0
F64	192712	77791	0.404	38409	60756	0	54165	0	0
F65	80410	29837	0.371	14655	24635	0	25938	0	0
F66	216232	82565	0.382	40673	70511	0	63156	0	0
F67	73118	29143	0.399	14489	24316	0	19659	0	0
F68	121316	51105	0.421	25336	35903	0	34308	0	0
F69	170774	72006	0.422	35767	53496	0	45272	0	0
F7	19844	2237	0.113	1151	1722	0	15885	0	0
F70	111742	44581	0.399	22101	37260	0	29901	0	0
F71	243026	92443	0.380	45983	5581	0	145002	0	0
F72	150036	74032	0.493	36957	4681	0	71323	0	0
F73	347370	95472	0.275	47703	6720	0	245178	0	0
F74	47270	42462	0.898	21177	2850	0	1958	0	0
F75	173008	66926	0.387	33211	48902	0	57180	0	0
F76	181188	74067	0.409	36704	54807	0	52314	0	0
F77	49760	20212	0.406	9970	15092	0	14456	0	0
F78	147768	58019	0.393	28855	45536	0	44213	0	0
F79	67506	26660	0.395	13195	23076	0	17770	0	0
F8	29580	6718	0.227	3353	600	0	22262	0	0
F80	40122	15691	0.391	7788	13920	0	10511	0	0
F81	167040	67584	0.405	33462	55413	0	44043	0	0
F82	117660	49052	0.417	24360	38334	0	30274	0	0
F83	134680	55298	0.411	27431	40541	0	38841	0	0
F84	143034	60269	0.421	29834	42097	0	40668	0	0
F85	119106	45298	0.380	22379	38334	0	35474	0	0
F86	37174	14061	0.378	7005	11278	0	11835	0	0
F87	22578	8951	0.396	4471	7107	0	6520	0	0
F88	107656	42683	0.396	21180	34359	0	30614	0	0
F89	136438	56225	0.412	28002	41653	0	38560	0	0
F9	161212	78176	0.485	39045	5075	0	77961	0	0
F90	81686	33094	0.405	16462	26540	0	22052	0	0
F91_2019	28884	24793	0.858	12046	1422	0	2669	0	0
F92	100654	41639	0.414	20709	31480	0	27535	0	0
F93	54586	21988	0.403	10914	15533	0	17065	0	0
F94	86142	26806	0.311	13334	20521	0	38815	0	0
F95	4538800	1582696	0.349	793932	1597087	0	1359017	0	0
F96	2830432	994208	0.351	498490	985096	0	851128	0	0
G01	457880	180988	0.395	89371	144990	0	131902	0	0
G01_rep	467168	184752	0.395	91373	147618	0	134798	0	0
G1	375848	151396	0.403	75049	118382	0	106070	0	0
G10	214762	89560	0.417	44464	65205	0	59997	0	0
G11	58056	23794	0.410	11770	17111	0	17151	0	0
G12	228482	95784	0.419	47666	67600	0	65098	0	0
G13	114788	43477	0.379	21375	37738	0	33573	0	0
G14	65446	25394	0.388	12472	19885	0	20167	0	0
G15	399392	87688	0.220	43382	74912	0	236792	0	0
G16	17780	6723	0.378	3339	5329	0	5728	0	0
G17_2019	12256	11041	0.901	5412	566	0	649	0	0
G17_rep	796008	732845	0.921	364403	37109	0	26054	0	0
G18_2019	3940	3508	0.890	1731	224	0	208	0	0
G18_rep	318900	288117	0.903	143421	16947	0	13836	0	0
G19	65392	27118	0.415	13344	18418	0	19856	0	0
G2	242884	99413	0.409	49305	75168	0	68303	0	0
G20	365618	108212	0.296	53718	76914	0	180492	0	0
G21	198460	76714	0.387	38058	56805	0	64941	0	0
G22	134336	50197	0.374	24741	33682	0	50457	0	0
G23	73310	31097	0.424	15394	21051	0	21162	0	0
G24	230568	93788	0.407	46215	70320	0	66460	0	0
G25	268286	110241	0.411	54638	80706	0	77339	0	0
G26	209628	86375	0.412	42789	60904	0	62349	0	0
G27	50116	20937	0.418	10368	14449	0	14730	0	0
G28	246524	96998	0.393	48144	71954	0	77572	0	0
G29	133524	56321	0.422	27804	39168	0	38035	0	0
G3	29286	11406	0.389	5614	9128	0	8752	0	0
G30	195808	68159	0.348	33808	47229	0	80420	0	0
G31	45008	18186	0.404	9024	13397	0	13425	0	0
G32	112908	46682	0.413	23075	33838	0	32388	0	0
G33	199552	82816	0.415	41007	61015	0	55721	0	0
G34	234812	98802	0.421	48981	69683	0	66327	0	0
G35	24846	10275	0.414	5038	7135	0	7436	0	0
G36	184514	79103	0.429	39305	54215	0	51196	0	0
G37	184020	78218	0.425	38701	54524	0	51278	0	0
G38	133792	55873	0.418	27581	40583	0	37336	0	0
G39	44396	18658	0.420	9153	12794	0	12944	0	0
G4	215730	84058	0.390	41408	67604	0	64068	0	0
G40	88032	36091	0.410	17992	26668	0	25273	0	0
G41	212152	83473	0.393	41317	62387	0	66292	0	0
G41_rep	253790	97500	0.384	48400	76522	0	79768	0	0
G42	122794	51205	0.417	25400	37196	0	34393	0	0
G43	77618	32364	0.417	15926	22933	0	22321	0	0
G44	196846	80587	0.409	39845	60745	0	55514	0	0
G45	141824	58237	0.411	28739	44061	0	39526	0	0
G46	156192	64650	0.414	31916	48980	0	42562	0	0
G47_rep	480706	253819	0.528	126403	14306	0	212581	0	0
G48_rep	108954	46777	0.429	24027	29779	0	32398	0	0
G49	183818	70752	0.385	35039	51480	0	61586	0	0
G50	176640	72521	0.411	35879	53587	0	50532	0	0
G51	16696	6832	0.409	3366	4955	0	4909	0	0
G52	310096	129270	0.417	63977	93386	0	87440	0	0
G53	103010	42714	0.415	21268	30949	0	29347	0	0
G54	23100	9668	0.419	4777	6638	0	6794	0	0
G55	59372	24454	0.412	12178	17655	0	17263	0	0
G56	40848	16907	0.414	8414	12155	0	11786	0	0
G57	201148	78046	0.388	38218	64870	0	58232	0	0
G58	198782	76801	0.386	37681	64084	0	57897	0	0
G59	53844	21495	0.399	10564	16511	0	15838	0	0
G5_rep	251130	159888	0.637	79693	47248	0	43994	0	0
G6	233644	97257	0.416	48071	69026	0	67361	0	0
G60	211318	82486	0.390	40688	66892	0	61940	0	0
G61	123346	51459	0.417	25516	35994	0	35893	0	0
G62	155622	64737	0.416	31995	47240	0	43645	0	0
G63	75922	31913	0.420	15728	21652	0	22357	0	0
G64	24462	10132	0.414	5009	7189	0	7141	0	0
G65	84584	34076	0.403	16808	26735	0	23773	0	0
G66	80708	32111	0.398	15820	22384	0	26213	0	0
G67	18838	7303	0.388	3623	6142	0	5393	0	0
G68	174084	73965	0.425	36630	51407	0	48712	0	0
G69	80700	33489	0.415	16568	24446	0	22765	0	0
G70	92116	36984	0.401	18170	28117	0	27015	0	0
G71	81120	33289	0.410	16497	23760	0	24071	0	0
G72	80800	34195	0.423	16892	23618	0	22987	0	0
G73	131240	50381	0.384	24692	42485	0	38374	0	0
G74	93688	36822	0.393	18187	29359	0	27507	0	0
G75	12638	5194	0.411	2580	3660	0	3784	0	0
G76	232450	89257	0.384	43821	75840	0	67353	0	0
G77	79526	31165	0.392	15325	25182	0	23179	0	0
G78	101996	43195	0.423	21471	30560	0	28241	0	0
G79	56342	24263	0.431	11985	16446	0	15633	0	0
G7_2019	9636	8554	0.888	4138	468	0	614	0	0
G7_rep	458782	420754	0.917	209534	21759	0	16269	0	0
G80	66596	25379	0.381	12514	17912	0	23305	0	0
G81	392438	88749	0.226	44062	66386	0	237303	0	0
G82	145504	59503	0.409	29667	42272	0	43729	0	0
G83	16712	6784	0.406	3326	5205	0	4723	0	0
G84	166926	69845	0.418	34588	51071	0	46010	0	0
G85	167212	70502	0.422	34886	50919	0	45791	0	0
G86	90734	37518	0.413	18642	28751	0	24465	0	0
G87	136104	56919	0.418	28011	41249	0	37936	0	0
G88	82458	34589	0.419	17107	25210	0	22659	0	0
G89	733600	681250	0.929	338870	33782	0	18568	0	0
G8_2019	28976	25343	0.875	12236	1561	0	2072	0	0
G8_rep	287128	253897	0.884	126402	15868	0	17363	0	0
G9	361556	123471	0.341	61425	91736	0	146349	0	0
G90	141754	130874	0.923	65168	7224	0	3656	0	0
G91	3312	2782	0.840	1383	315	0	215	0	0
G92	233704	218092	0.933	108522	10460	0	5152	0	0
G93	1940	694	0.358	342	613	0	633	0	0
G94	39158	16048	0.410	7942	11256	0	11854	0	0
G95	714	226	0.317	114	244	0	244	0	0
G96	256	74	0.289	41	76	0	106	0	0
H1	163594	67802	0.414	33473	52544	0	43248	0	0
H10	84916	34969	0.412	17293	25574	0	24373	0	0
H11_2019	31972	28830	0.902	14120	1507	0	1635	0	0
H11_rep	63734	50410	0.791	25189	6058	0	7266	0	0
H12	174586	60473	0.346	29986	46398	0	67715	0	0
H13	90826	84003	0.925	41822	4563	0	2260	0	0
H14	147552	135879	0.921	67500	7145	0	4528	0	0
H15	81610	75858	0.930	37717	3972	0	1780	0	0
H16	85504	78390	0.917	39013	4246	0	2868	0	0
H17	186402	56101	0.301	27757	43816	0	86485	0	0
H18	253576	80888	0.319	39880	58521	0	114167	0	0
H19	159146	66535	0.418	32591	46972	0	45639	0	0
H2	133058	54233	0.408	26879	41973	0	36852	0	0
H20	211468	87289	0.413	43141	61024	0	63155	0	0
H21	160094	65064	0.406	32182	52211	0	42819	0	0
H22	165398	67044	0.405	33122	51599	0	46755	0	0
H23	193888	79137	0.408	39059	58909	0	55842	0	0
H24	19484	7895	0.405	3833	5711	0	5878	0	0
H25	154846	63018	0.407	31312	45830	0	45998	0	0
H26	125194	45884	0.367	22623	34635	0	44675	0	0
H27	142168	57641	0.405	28544	44205	0	40322	0	0
H28	80846	32523	0.402	16053	24058	0	24265	0	0
H29	142330	130586	0.917	64951	7148	0	4596	0	0
H3	149752	60070	0.401	29677	51499	0	38183	0	0
H30	154758	143096	0.925	71238	7303	0	4359	0	0
H31	62392	56688	0.909	28219	3308	0	2396	0	0
H32	88124	80372	0.912	40005	4688	0	3064	0	0
H33	86728	35387	0.408	17479	28285	0	23056	0	0
H34	64024	26278	0.410	13054	20771	0	16975	0	0
H35	102650	42011	0.409	20810	34637	0	26002	0	0
H36	96632	40516	0.419	20011	32239	0	23877	0	0
H37	62558	57845	0.925	28773	3199	0	1514	0	0
H38	73440	67871	0.924	33749	3704	0	1865	0	0
H39	82968	75980	0.916	37824	4219	0	2769	0	0
H4	151034	139498	0.924	69424	7239	0	4297	0	0
H40	23610	21752	0.921	10836	1177	0	681	0	0
H41	343630	55783	0.162	27586	42034	0	245813	0	0
H42	49440	11858	0.240	5932	8211	0	29371	0	0
H43	130802	119432	0.913	59438	6972	0	4398	0	0
H44	172730	159950	0.926	79595	8360	0	4420	0	0
H45	136632	127189	0.931	63415	6097	0	3346	0	0
H46	116124	106964	0.921	53192	5921	0	3239	0	0
H47	97204	39909	0.411	19727	31534	0	25761	0	0
H48	89414	35852	0.401	17719	30555	0	23007	0	0
H49	152950	61947	0.405	30486	51814	0	39189	0	0
H5	121594	112100	0.922	55802	5970	0	3524	0	0
H50	102186	41073	0.402	20319	35498	0	25615	0	0
H51	52496	47696	0.909	23724	2768	0	2032	0	0
H52	97354	89829	0.923	44721	4774	0	2751	0	0
H53	160182	148815	0.929	74094	7383	0	3984	0	0
H54	44734	40753	0.911	20267	2123	0	1858	0	0
H55	100740	41105	0.408	20315	34828	0	24807	0	0
H56	26604	10786	0.405	5336	9197	0	6621	0	0
H57	83304	32680	0.392	16140	29292	0	21332	0	0
H58	160036	64260	0.402	31714	54820	0	40956	0	0
H59	155316	143398	0.923	71425	7617	0	4301	0	0
H6	99594	92095	0.925	45837	4791	0	2708	0	0
H60	81532	75054	0.921	37386	4102	0	2376	0	0
H61	736	189	0.257	95	255	0	292	0	0
H62	137384	127317	0.927	63345	6454	0	3613	0	0
H63	103656	40794	0.394	20117	31488	0	31374	0	0
H64	201274	83851	0.417	41412	61485	0	55938	0	0
H65_2019	48844	34468	0.706	16607	1940	0	12436	0	0
H65_rep	182298	149295	0.819	74321	7777	0	25226	0	0
H66_2019	11138	10055	0.903	4907	577	0	506	0	0
H66_rep	298062	267959	0.899	133267	15574	0	14529	0	0
H67	114974	47269	0.411	23483	35548	0	32157	0	0
H68	155150	64887	0.418	32092	49321	0	40942	0	0
H69_2019	53482	46821	0.875	22636	2568	0	4093	0	0
H69_rep	167660	147722	0.881	73822	9611	0	10327	0	0
H7	116672	105927	0.908	52726	6241	0	4504	0	0
H70	71036	29866	0.420	14731	21086	0	20084	0	0
H71	141778	43758	0.309	21506	32120	0	65900	0	0
H72	135516	56679	0.418	27928	40349	0	38488	0	0
H8_2019	10744	7297	0.679	3525	391	0	3056	0	0
H8_rep	220708	187684	0.850	93525	10087	0	22937	0	0
H9	212170	84512	0.398	41705	63390	0	64268	0	0
I01	168088	141590	0.842	70678	11215	0	15283	0	0
I02	184396	161787	0.877	80718	10402	0	12207	0	0
I03	192928	170818	0.885	84994	9961	0	12149	0	0
I04	159788	135742	0.850	67565	10884	0	13162	0	0
I05	242822	208897	0.860	104243	14085	0	19840	0	0
I06	207240	187053	0.903	92990	10761	0	9426	0	0
I07	160216	146566	0.915	72777	7906	0	5744	0	0
I08	144090	130586	0.906	64836	8368	0	5136	0	0
I09	407934	365906	0.897	181782	21328	0	20700	0	0
I10	107232	95703	0.892	47699	6122	0	5407	0	0
I11	86044	78173	0.909	38887	4355	0	3516	0	0
I12	269614	243635	0.904	121131	13432	0	12547	0	0
I13	604286	470534	0.779	234492	26005	0	107747	0	0
I14	397824	332743	0.836	165260	18774	0	46307	0	0
I15	411968	372218	0.904	185178	20892	0	18858	0	0
I16	338910	297805	0.879	148007	17356	0	23749	0	0
I17	210170	175851	0.837	87457	11403	0	22916	0	0
I18	465836	413370	0.887	205431	22525	0	29941	0	0
I19	348376	311655	0.895	154843	15738	0	20983	0	0
I20	688704	560328	0.814	278556	31568	0	96808	0	0
I21	503244	419552	0.834	208458	26157	0	57535	0	0
I22	284230	255744	0.900	127088	13969	0	14517	0	0
I23	429392	344585	0.802	171574	20664	0	64143	0	0
I24	504794	441588	0.875	219649	24395	0	38811	0	0
J14	67948	26043	0.383	12979	19306	0	22599	0	0
J15	81812	33966	0.415	16854	23865	0	23981	0	0
J16	149872	49002	0.327	24246	35207	0	65663	0	0
J17	111844	46181	0.413	22849	31460	0	34203	0	0
J18	173980	68513	0.394	33906	48803	0	56664	0	0
J19	227996	95513	0.419	47360	68261	0	64222	0	0
J20	192876	81922	0.425	40539	56715	0	54239	0	0
J21	44350	18212	0.411	8976	13093	0	13045	0	0
J22	62144	23032	0.371	11525	17441	0	21671	0	0
J23	182444	76005	0.417	37658	53657	0	52782	0	0
J24	263042	112647	0.428	55711	77465	0	72930	0	0
J25	93512	38728	0.414	19252	27674	0	27110	0	0
J26	1106904	125229	0.113	62091	89340	0	892335	0	0
J27	259104	105763	0.408	52378	76274	0	77067	0	0
K1	282066	88879	0.315	44090	63208	0	129979	0	0
K2	169688	71514	0.421	35488	49245	0	48929	0	0
K3	177876	73669	0.414	36484	51605	0	52602	0	0
K31	135472	3219	0.024	1653	2107	0	130146	0	0
K32	197996	67239	0.340	33335	46145	0	84612	0	0
K33	174746	54774	0.313	27108	37670	0	82302	0	0
K34	319652	63930	0.200	31637	43283	0	212439	0	0
K4	129856	54392	0.419	26990	37719	0	37745	0	0
K5	136568	53679	0.393	26697	39042	0	43847	0	0
K6	1596866	829	0.001	527	837	0	1595200	0	0
K7	588	105	0.179	59	46	0	437	0	0
K8	4099900	6184	0.002	3401	4905	0	4088811	0	0
L1	240336	95195	0.396	47483	71251	0	73890	0	0
L10	53642	21517	0.401	10730	16002	0	16123	0	0
L11	201168	82311	0.409	40835	59908	0	58949	0	0
L12	310374	99916	0.322	49415	69916	0	140542	0	0
L13	196466	81886	0.417	40383	57083	0	57497	0	0
L14	159090	66088	0.415	32742	43946	0	49056	0	0
L15	111322	46896	0.421	23234	32502	0	31924	0	0
L16	155990	64532	0.414	32020	46376	0	45082	0	0
L17	151836	64643	0.426	31969	44304	0	42889	0	0
L18	2280	890	0.390	445	628	0	762	0	0
L18_rep	64658	26546	0.411	13203	19898	0	18214	0	0
L19	853958	361841	0.424	179213	250547	0	241570	0	0
L2	55326	17967	0.325	8933	12847	0	24512	0	0
L20	155854	64583	0.414	32111	43827	0	47444	0	0
L21	216872	90320	0.416	44781	62037	0	64515	0	0
L22	142136	60741	0.427	30088	41272	0	40123	0	0
L23	177242	73939	0.417	36615	52049	0	51254	0	0
L24	345408	59857	0.173	29816	41046	0	244505	0	0
L25	19514	5549	0.284	2667	3811	0	10154	0	0
L26	68264	27469	0.402	13695	20683	0	20112	0	0
L27	133546	55758	0.418	27620	38806	0	38982	0	0
L28	235110	99508	0.423	49371	69197	0	66405	0	0
L3	290810	113809	0.391	56488	77402	0	99599	0	0
L4	200350	81988	0.409	40688	57498	0	60864	0	0
L5	32934	12825	0.389	6388	8707	0	11402	0	0
L6	144806	31441	0.217	15602	21995	0	91370	0	0
L7	132298	54513	0.412	27050	38816	0	38969	0	0
L8	93798	38686	0.412	19225	26539	0	28573	0	0
L9	3368	1147	0.341	612	803	0	1418	0	0
L9_rep	65178	27249	0.418	13425	18748	0	19181	0	0
M20_rep	137806	55621	0.404	27570	38565	0	43620	0	0
N1	91290	35455	0.388	17612	26640	0	29195	0	0
N10	160508	65860	0.410	32606	46452	0	48196	0	0
N11	237044	73979	0.312	36645	52257	0	110808	0	0
N12	414122	169255	0.409	83466	123757	0	121110	0	0
N13	174768	36683	0.210	18186	27347	0	110738	0	0
N14	166466	70408	0.423	34693	47963	0	48095	0	0
N15	213090	69535	0.326	34382	51301	0	92254	0	0
N16	423930	140059	0.330	69188	105445	0	178426	0	0
N17	214864	87803	0.409	43320	65732	0	61329	0	0
N17_rep	3850	1485	0.386	812	1008	0	1357	0	0
N18	187566	80033	0.427	39468	53783	0	53750	0	0
N19	83750	31811	0.380	15739	24270	0	27669	0	0
N20	143188	59629	0.416	29378	41535	0	42024	0	0
N21	25914	10755	0.415	5287	7565	0	7594	0	0
N22	14206	9089	0.640	4693	1450	0	3667	0	0
N23	4734	1841	0.389	952	1284	0	1609	0	0
N24	165238	66573	0.403	33048	49058	0	49607	0	0
N25	130842	53864	0.412	26552	37587	0	39391	0	0
N26	143362	60335	0.421	29744	41336	0	41691	0	0
N27	134522	56552	0.420	27885	38726	0	39244	0	0
N28	164940	68346	0.414	33731	47963	0	48631	0	0
N3	54838	22647	0.413	11281	15112	0	17079	0	0
N4	95664	39100	0.409	19202	27927	0	28637	0	0
N5	139462	58183	0.417	28809	41685	0	39594	0	0
N6	151122	33181	0.220	16273	23285	0	94656	0	0
N7	36222	14891	0.411	7442	10325	0	11006	0	0
N8	105004	43131	0.411	21406	31561	0	30312	0	0
N9	274804	114923	0.418	56506	81199	0	78682	0	0
Q1	225398	88663	0.393	43683	72978	0	63757	0	0
Q10	3714	1756	0.473	907	832	0	1126	0	0
Q11	48638	19133	0.393	9485	16048	0	13457	0	0
Q12	155446	61110	0.393	30154	48801	0	45535	0	0
Q13	71366	27765	0.389	13637	22755	0	20846	0	0
Q14	210748	84563	0.401	41938	67624	0	58561	0	0
Q15	34088	13143	0.386	6505	10325	0	10620	0	0
Q2	146906	56152	0.382	27903	46390	0	44364	0	0
Q3	101528	39501	0.389	19567	33144	0	28883	0	0
Q4	403826	159785	0.396	79006	126938	0	117103	0	0
Q5	145970	58014	0.397	28814	47147	0	40809	0	0
Q6	42006	16274	0.387	8097	13783	0	11949	0	0
Q7	77542	30619	0.395	15103	24911	0	22012	0	0
Q8	124072	49186	0.396	24400	39374	0	35512	0	0
Q9	52326	20928	0.400	10257	16645	0	14753	0	0
R1	1624	669	0.412	384	343	0	612	0	0
R10	135656	53185	0.392	26383	39541	0	42930	0	0
R11	29574	10567	0.357	5176	8560	0	10447	0	0
R12	66098	25894	0.392	12829	19521	0	20683	0	0
R13	60260	24221	0.402	12002	18607	0	17432	0	0
R14	121826	48990	0.402	24139	34389	0	38447	0	0
R15	174658	72380	0.414	35781	52523	0	49755	0	0
R16	209322	84515	0.404	41649	63587	0	61220	0	0
R17	152894	60915	0.398	29988	45377	0	46602	0	0
R18	102198	39683	0.388	19605	29958	0	32557	0	0
R19	126800	49252	0.388	24467	37038	0	40510	0	0
R2	113624	45783	0.403	22716	33491	0	34350	0	0
R20	73606	28644	0.389	14227	21583	0	23379	0	0
R3	201772	81523	0.404	40221	60042	0	60207	0	0
R4	2798	985	0.352	510	837	0	976	0	0
R5	107740	44700	0.415	22031	31074	0	31966	0	0
R6	108930	41791	0.384	20649	30265	0	36874	0	0
R7	223976	87667	0.391	43509	65264	0	71045	0	0
R8	345660	6354	0.018	3183	6202	0	333104	0	0
R9	138640	53231	0.384	26360	38167	0	47242	0	0
S1	198396	85588	0.431	42451	58468	0	54340	0	0
S10	5878	2936	0.499	1500	1283	0	1659	0	0
S10_rep	11966	2819	0.236	1418	1893	0	7254	0	0
S11	2230	748	0.335	397	702	0	780	0	0
S11_rep	43376	15169	0.350	7561	11378	0	16829	0	0
S12	20740	8418	0.406	4173	6313	0	6009	0	0
S13	49394	20556	0.416	10153	14124	0	14714	0	0
S14	8074	3184	0.394	1581	2086	0	2804	0	0
S15	111784	45782	0.410	22717	31875	0	34127	0	0
S16	74270	31140	0.419	15499	21255	0	21875	0	0
S17	82030	33063	0.403	16479	24240	0	24727	0	0
S18	47394	18333	0.387	9206	13902	0	15159	0	0
S19	151458	25945	0.171	12983	19623	0	105890	0	0
S2	190024	80435	0.423	39755	56830	0	52759	0	0
S20	24208	9366	0.387	4627	7476	0	7366	0	0
S21	140970	56647	0.402	28151	40713	0	43610	0	0
S22	50566	20962	0.415	10432	14941	0	14663	0	0
S23	65870	28009	0.425	13793	19352	0	18509	0	0
S24	199166	83851	0.421	41524	58778	0	56537	0	0
S3	41706	16809	0.403	8401	12611	0	12286	0	0
S4	136926	56615	0.413	28002	40873	0	39438	0	0
S5	1932	616	0.319	308	561	0	755	0	0
S6	101878	42178	0.414	20797	28881	0	30819	0	0
S7	68134	27990	0.411	13910	20974	0	19170	0	0
S8	90056	38490	0.427	18970	25943	0	25623	0	0
S9	36260	15111	0.417	7484	10961	0	10188	0	0
